{
    "body1_motor": 5.119295627364018,
    "body2_motor": -5.400031343342711
}