{
    "body2_motor": -0.04822858217663706,
    "body3_motor": 6.958490216600146
}