{
    "body1_motor": 3.3516040784462797,
    "body2_motor": 6.340254966136804,
    "body3_motor": -7.258404148344608,
    "body4_motor": 9.925167294692779
}