{
    "body1_motor": 4.4975547933450795,
    "body2_motor": -5.721625036812128
}