{
    "body1_motor": 4.4975547933450795,
    "body2_motor": -2.2565788903601214,
    "body3_motor": 7.576293425290352
}