{
    "body1_motor": 4.014633068947271,
    "body2_motor": -0.04822858217663706
}