{
    "body1_motor": -8.886307893754664,
    "body2_motor": -0.04822858217663706
}