{
    "body1_motor": -9.121734283392888,
    "body2_motor": 7.260474192380057
}